{
  "train_accuracy": 0.8628685503685504,
  "train_auc": 0.9243514969841451,
  "test_accuracy": 0.8527560264087211,
  "test_auc": 0.906974809640742,
  "accuracy_diff": 0.010112523959829312,
  "auc_diff": 0.01737668734340314
}