{
  "train_accuracy": 0.8634060196560197,
  "train_auc": 0.9246319193912547,
  "test_accuracy": 0.8510670965760786,
  "test_auc": 0.9073966694868039,
  "accuracy_diff": 0.012338923079941111,
  "auc_diff": 0.0172352499044508
}