{
  "Accuracy": 0.8584863412449619,
  "Precision": 0.8181818181818182,
  "Recall": 0.9017013232514177,
  "F1-Score": 0.8579136690647482,
  "ROC-AUC": 0.919054820415879,
  "PR-AUC": 0.8838322593081153,
  "Time (s)": 23.81814217567444
}