{
  "train_accuracy": 0.7837383805577333,
  "train_auc": 0.8631514599764816,
  "test_accuracy": 0.7711598746081505,
  "test_auc": 0.8559490005228653,
  "test_precision": 0.7568075117370892,
  "test_recall": 0.7618147448015122,
  "test_f1": 0.7593028732925106
}