{
  "train_accuracy": 0.7994176279538582,
  "train_auc": 0.8775247094188839,
  "test_accuracy": 0.7854903716972682,
  "test_auc": 0.8694996581265334,
  "test_precision": 0.7802516940948693,
  "test_recall": 0.7618147448015122,
  "test_f1": 0.7709230033476805
}