{
  "train_accuracy": 0.789562101019151,
  "train_auc": 0.8668822096913061,
  "test_accuracy": 0.7904164800716524,
  "test_auc": 0.8661143063990668,
  "test_precision": 0.7920792079207921,
  "test_recall": 0.7561436672967864,
  "test_f1": 0.7736943907156673
}