{
  "Accuracy": 0.8669950738916257,
  "Precision": 0.8370239149689991,
  "Recall": 0.8931947069943289,
  "F1-Score": 0.8641975308641975,
  "ROC-AUC": 0.9312818243976995,
  "PR-AUC": 0.9026286395245436,
  "Time (s)": 31.14098811149597
}