{
  "Accuracy": 0.8660994178235557,
  "Precision": 0.8397493285586393,
  "Recall": 0.8865784499054821,
  "F1-Score": 0.8625287356321839,
  "ROC-AUC": 0.9307082813819731,
  "PR-AUC": 0.8993326243177786,
  "Time (s)": 0.9658572673797607
}