{
  "Accuracy": 0.8311688311688312,
  "Precision": 0.8048343777976723,
  "Recall": 0.8497164461247637,
  "F1-Score": 0.8266666666666667,
  "ROC-AUC": 0.8999517355105981,
  "PR-AUC": 0.8466322239337891,
  "Time (s)": 0.030098676681518555
}