{
  "Accuracy": 0.8531124048365427,
  "Precision": 0.8157439446366782,
  "Recall": 0.8913043478260869,
  "F1-Score": 0.8518518518518519,
  "ROC-AUC": 0.9197168483288422,
  "PR-AUC": 0.8890567979425298,
  "Time (s)": 0.26750850677490234
}