{
  "Accuracy": 0.8562472010747872,
  "Precision": 0.8240985048372911,
  "Recall": 0.8856332703213611,
  "F1-Score": 0.85375854214123,
  "ROC-AUC": 0.9263982624783816,
  "PR-AUC": 0.895068626492054,
  "Time (s)": 2.2601239681243896
}