{
  "Accuracy": 0.8705776981639051,
  "Precision": 0.8352223190932868,
  "Recall": 0.9054820415879017,
  "F1-Score": 0.8689342403628117,
  "ROC-AUC": 0.9296183083296464,
  "PR-AUC": 0.8976771411877777,
  "Time (s)": 0.21512317657470703
}