{
  "Accuracy": 0.8087774294670846,
  "Precision": 0.8019138755980861,
  "Recall": 0.7920604914933838,
  "F1-Score": 0.7969567284831194,
  "ROC-AUC": 0.887213932349274,
  "PR-AUC": 0.8583249561734545,
  "Time (s)": 0.014539718627929688
}