{
  "train_accuracy": 0.6243700302385485,
  "train_auc": 0.7040217307857359,
  "test_accuracy": 0.6430810568741603,
  "test_auc": 0.713824558581024,
  "test_precision": 0.6526315789473685,
  "test_recall": 0.5274102079395085,
  "test_f1": 0.5833768949294302
}