{
  "Accuracy": 0.8508732646663681,
  "Precision": 0.8095644748078565,
  "Recall": 0.8960302457466919,
  "F1-Score": 0.8506056527590848,
  "ROC-AUC": 0.917548968346539,
  "PR-AUC": 0.8842053823988288,
  "Time (s)": 0.2457587718963623
}