{
  "Accuracy": 0.8701298701298701,
  "Precision": 0.818407960199005,
  "Recall": 0.9328922495274102,
  "F1-Score": 0.8719081272084805,
  "ROC-AUC": 0.9297848208180831,
  "PR-AUC": 0.9010914615418907,
  "Time (s)": 12.450670719146729
}